C.I.,Período Académico (Año),Período Académico (ID),Fecha de Nacimiento,Estado Civil,Sexo,Escuela,Año de Ingreso,Modo de Ingreso,Promedio Ponderado,Eficiencia,Semestre,Materias Inscritas (Semestre y/o Año Anterior),Materias Aprobadas (Semestre y/o Año Anterior),Materias Retiradas (Semestre y/o Año Anterior),Materias Reprobadas (Semestre y/o Año Anterior),Motivo de Materias Reprobadas,Materias Inscritas Actualmente,Tesis Inscrita,Procedencia,Residencia,Compañeros de Habitación,Cambio de Dirección,Tipo de Vivienda,Responsable Económico,Carga Familiar,Ingresos Responsable Económico,Otros Ingresos Responsable Económico,Total de Ingresos Responsable Económico,Alimentación Responsable Económico,Transporte Responsable Económico,Gastos Médicos Responsable Económico,Gastos Odontológicos Responsable Económico,Gastos de Estudio Responsable Económico,Servicios Públicos,Condominio,Otros Gastos Responsable Económico,Total Egresos Responsable Económico,Ayuda financiera,Trabajo,Beca,Aporte de Responsable Económico,Aporte Familiar,Ingresos Laborales,Ingresos Totales,Alimentación,Transporte,Gastos Médicos,Gastos Odontológicos,Gastos Personales,Gastos de Alquiler,Gastos Estudiantiles,Recreación,Otros Gastos,Total Egresos,Puntación
1,2015,1,18/06/1951,2.000,0,0,2007,0.000,10.927,0.491,5,2,1.000,0,1,"Problemas de salud, enfermedad",1,,1,1.000,7,0,0,4,8,0.000,0.000,0.000,0.000,0.000,0.000,0.000,0.000,0.000,0.000,0.000,0.000,0,0,1500,0.000,0.000,0.000,1500.000,1000.000,500.000,800.000,0.000,1500.000,0.000,400,0.000,500.000,4700.000,5
2,2014,1,03/01/1977,1.000,0,0,2006,1.000,11.314,0.669,6,2,1.000,1,0,,2,,1,6.000,1,0,1,3,4,6000.000,1000.000,7000.000,4000.000,1500.000,1000.000,1000.000,0.000,500.000,430.000,500.000,8930.000,0,0,1500,500.000,0.000,0.000,2000.000,4000.000,1500.000,0.000,1500.000,1000.000,0.000,600,0.000,2000.000,10600.000,5
3,2014,1,14/03/1979,0.000,0,0,2006,1.000,11.404,0.651,5,1,1.000,0,0,Falta de tiempo para asistir a clases,2,,1,6.000,5,0,2,4,2,0.000,0.000,0.000,0.000,0.000,0.000,0.000,1000.000,300.000,0.000,1000.000,2300.000,0,1,2000,0.000,2000.000,3000.000,7000.000,3000.000,2000.000,0.000,0.000,1000.000,0.000,500,0.000,200.000,6700.000,4
4,2014,1,04/08/1982,0.000,0,0,2010,1.000,6.979,0.468,3,2,2.000,0,0,"Mala distribución del tiempo, Lejanía entre la residencia y la universidad",3,,0,0.000,2,0,2,1,4,4500.000,3000.000,7500.000,4000.000,2000.000,1000.000,0.000,1500.000,500.000,0.000,1000.000,10000.000,0,0,1500,500.000,0.000,0.000,2000.000,600.000,500.000,300.000,0.000,400.000,0.000,200,0.000,200.000,2200.000,1
5,2014,1,25/11/1982,0.000,0,0,2011,1.000,12.523,0.833,6,3,3.000,0,0,,2,,1,1.000,4,0,2,5,4,744482.000,6000.000,750482.000,7000.000,2000.000,0.000,0.000,0.000,800.000,0.000,444482.000,454282.000,0,0,1500,1200.000,1000.000,0.000,3700.000,500.000,400.000,0.000,0.000,1000.000,0.000,500,0.000,800.000,3200.000,4
6,2015,1,20/07/1986,0.000,0,1,2008,1.000,14.492,1.000,9,2,2.000,0,0,,2,,0,0.000,0,0,1,2,4,12551.000,2000.000,14551.000,10000.000,2000.000,9000.000,0.000,1000.000,500.000,0.000,1500.000,24000.000,0,0,1500,1000.000,0.000,0.000,2500.000,1000.000,200.000,200.000,0.000,500.000,0.000,2000,0.000,100.000,4000.000,5
7,2014,1,27/09/1986,0.000,0,0,2007,1.000,0.600,0.600,4,2,1.000,0,1,Problemas económicos,2,,0,0.000,4,0,1,1,3,2500.000,0.000,2500.000,4500.000,1000.000,3000.000,4000.000,10000.000,2000.000,400.000,400.000,25300.000,0,0,1500,500.000,500.000,0.000,2500.000,500.000,500.000,1000.000,0.000,500.000,0.000,2000,0.000,500.000,5000.000,5
8,2014,2,27/02/1989,0.000,0,1,2008,1.000,12.739,0.897,8,4,1.000,3,0,,3,,1,1.000,1,0,2,1,2,8000.000,2000.000,10000.000,3000.000,1000.000,1000.000,0.000,2000.000,1000.000,0.000,500.000,8500.000,0,0,1500,2000.000,1000.000,0.000,4500.000,2000.000,500.000,500.000,0.000,500.000,0.000,1000,0.000,0.000,4500.000,5
9,2015,1,07/07/1989,0.000,0,1,2008,3.000,12.726,0.914,9,2,2.000,0,0,,2,,0,0.000,0,0,2,1,5,3500.000,1000.000,4500.000,2000.000,300.000,1000.000,200.000,0.000,700.000,0.000,350.000,4550.000,0,0,1500,400.000,0.000,0.000,1900.000,100.000,100.000,200.000,0.000,500.000,0.000,1000,0.000,100.000,2000.000,5
10,2015,1,10/12/1987,0.000,1,1,2005,1.000,11.957,0.638,9,5,5.000,0,0,,2,,1,1.000,3,0,1,2,2,19000.000,0.000,19000.000,8000.000,3000.000,3000.000,2000.000,5000.000,2000.000,1500.000,4000.000,28500.000,0,0,1500,1000.000,0.000,0.000,2500.000,2700.000,1000.000,500.000,500.000,100.000,0.000,500,500.000,700.000,6500.000,4
11,2015,1,19/11/1988,0.000,0,0,2012,1.000,13.622,1.000,5,4,4.000,0,0,,3,,0,0.000,0,0,1,2,3,7028.000,5622.000,12650.000,6000.000,1000.000,2000.000,0.000,2000.000,600.000,2000.000,1000.000,14600.000,0,0,1500,1000.000,0.000,0.000,2500.000,500.000,400.000,0.000,0.000,200.000,0.000,800,0.000,600.000,2500.000,5
12,2015,1,04/07/1988,0.000,0,1,2007,1.000,12.135,0.569,7,4,2.000,0,2,Lejanía entre la residencia y la universidad,4,,2,0.000,0,1,2,1,4,15186.000,0.000,15186.000,6000.000,12960.000,12000.000,4500.000,0.000,1500.000,0.000,3000.000,39960.000,0,0,2000,800.000,0.000,0.000,2800.000,3000.000,3240.000,2500.000,1000.000,1000.000,0.000,2500,1000.000,500.000,14740.000,5
13,2015,1,01/01/1989,0.000,0,1,2007,1.000,12.488,0.645,8,2,0.000,0,2,"Problemas personales, Problemas económicos, Problemas de salud, Mala distribución del tiempo, Problemas con el/la docente",2,,1,2.000,0,0,1,1,2,7000.000,5000.000,12000.000,5000.000,2000.000,2000.000,0.000,0.000,1500.000,2000.000,1500.000,14000.000,0,0,1500,3000.000,2000.000,0.000,6500.000,2500.000,500.000,800.000,0.000,400.000,0.000,2000,0.000,300.000,6500.000,5
14,2015,1,14/08/1988,0.000,0,1,2007,3.000,13.921,0.927,10,2,2.000,0,0,,2,,1,1.000,7,0,4,1,2,10257.000,9500.000,19757.000,10000.000,1000.000,2000.000,1200.000,0.000,1500.000,0.000,4000.000,19700.000,1,1,1500,3000.000,1000.000,800.000,6300.000,1000.000,100.000,200.000,900.000,200.000,3000.000,600,100.000,200.000,6300.000,5
15,2015,1,25/01/1990,0.000,0,1,2008,3.000,13.097,0.824,10,0,0.000,0,0,,1,,1,5.000,0,0,5,2,5,5622.000,0.000,5622.000,3500.000,500.000,500.000,0.000,0.000,1000.000,0.000,122.000,5622.000,0,0,1500,500.000,0.000,0.000,2000.000,500.000,200.000,200.000,0.000,500.000,0.000,500,50.000,50.000,2000.000,5
16,2014,2,26/12/1989,0.000,1,1,2007,1.000,12.532,0.886,9,3,3.000,0,0,,1,,0,0.000,4,0,1,1,1,3800.000,0.000,3800.000,3800.000,200.000,0.000,0.000,0.000,0.000,0.000,300.000,4300.000,0,0,1500,0.000,0.000,0.000,1500.000,500.000,200.000,0.000,0.000,0.000,0.000,300,200.000,300.000,1500.000,3
17,2015,1,28/03/1990,0.000,1,1,2007,1.000,13.278,0.959,10,1,1.000,0,0,,1,,0,0.000,0,0,2,2,3,8500.000,2000.000,10500.000,6500.000,2000.000,2000.000,1500.000,2500.000,800.000,0.000,1500.000,16800.000,0,0,1500,800.000,200.000,0.000,2500.000,1000.000,1000.000,1500.000,1500.000,600.000,0.000,500,600.000,800.000,7500.000,5
18,2014,2,05/02/1988,0.000,1,1,2006,1.000,11.984,0.621,8,3,2.000,0,1,Problemas económicos,3,,3,0.000,3,0,6,2,4,5600.000,0.000,5600.000,5000.000,500.000,2000.000,0.000,0.000,1000.000,0.000,1000.000,9500.000,0,0,1500,0.000,0.000,0.000,1500.000,3000.000,500.000,0.000,0.000,500.000,3000.000,1500,0.000,200.000,8700.000,5
19,2015,1,27/04/1990,0.000,1,1,2008,1.000,13.179,0.903,10,2,2.000,0,0,,2,,0,0.000,0,0,0,0,3,9600.000,0.000,9600.000,5000.000,1000.000,1000.000,0.000,500.000,500.000,0.000,2000.000,10000.000,0,0,1500,500.000,200.000,200.000,2400.000,300.000,200.000,500.000,0.000,1000.000,0.000,1000,200.000,200.000,3400.000,5
20,2015,1,01/01/1990,0.000,0,1,2007,1.000,13.669,0.885,9,1,1.000,0,0,,2,,0,0.000,3,0,1,2,3,11000.000,10000.000,21000.000,10000.000,2000.000,3000.000,0.000,3000.000,3000.000,1500.000,1000.000,23500.000,0,0,1500,7000.000,0.000,0.000,8500.000,3000.000,400.000,1500.000,0.000,500.000,0.000,2000,0.000,500.000,7900.000,5
21,2014,2,26/12/1990,0.000,0,1,2008,3.000,13.021,0.830,9,3,3.000,0,0,,2,,0,0.000,0,0,2,1,5,13682.000,5000.000,18682.000,8000.000,2500.000,1000.000,0.000,3000.000,700.000,0.000,1500.000,16700.000,0,0,1500,1000.000,0.000,0.000,2500.000,2000.000,500.000,500.000,0.000,500.000,0.000,1500,500.000,200.000,5700.000,5
22,2015,1,12/09/1989,1.000,0,1,2006,1.000,12.165,0.781,9,1,1.000,0,0,,1,,0,0.000,1,0,2,3,4,6000.000,0.000,6000.000,3000.000,1200.000,2000.000,0.000,3000.000,1000.000,0.000,1000.000,11200.000,0,0,1500,500.000,0.000,0.000,2000.000,800.000,500.000,500.000,0.000,800.000,0.000,500,300.000,200.000,3600.000,5
23,2014,2,15/09/1990,0.000,0,1,2008,3.000,15.280,1.000,10,1,1.000,0,0,,1,,1,5.000,0,0,2,0,2,16996.770,3000.000,19996.770,12500.000,2000.000,2000.000,700.000,0.000,600.000,0.000,1200.000,19000.000,0,0,1500,3000.000,500.000,0.000,5000.000,1000.000,700.000,0.000,0.000,1300.000,0.000,1200,700.000,150.000,5050.000,5
24,2015,1,10/09/1991,0.000,0,1,2010,3.000,14.845,1.000,8,5,5.000,0,0,,4,,0,0.000,2,0,1,0,3,12445.480,3000.000,15445.480,10000.000,600.000,2000.000,0.000,0.000,2000.000,500.000,2000.000,17100.000,0,0,1500,800.000,0.000,0.000,2300.000,8000.000,300.000,800.000,0.000,1200.000,0.000,600,0.000,10900.000,21800.000,5
25,2015,1,17/12/1990,0.000,0,1,2009,1.000,15.899,1.000,10,2,2.000,0,0,,2,,1,6.000,2,0,1,1,2,10000.000,0.000,10000.000,5000.000,500.000,500.000,0.000,0.000,1000.000,1000.000,2000.000,10000.000,0,0,1500,2000.000,0.000,0.000,3500.000,1000.000,500.000,500.000,0.000,1000.000,0.000,250,1000.000,500.000,4750.000,4
26,2014,2,18/03/1989,0.000,0,1,2006,3.000,12.947,0.636,5,2,0.000,2,0,,1,,1,7.000,1,1,0,3,2,8000.000,0.000,8000.000,6000.000,400.000,1000.000,1000.000,0.000,1000.000,0.000,1000.000,10400.000,0,0,1500,2000.000,0.000,0.000,3500.000,1000.000,400.000,0.000,1000.000,500.000,0.000,1000,0.000,300.000,4200.000,5
27,2014,2,03/10/1990,0.000,1,1,2008,1.000,13.205,0.770,8,4,3.000,0,1,"Problemas familiares, Problemas económicos, Falta de tiempo para estudiar, Deficientes hábitos de estudios",4,,1,7.000,4,0,2,5,5,7500.000,0.000,7500.000,5000.000,800.000,400.000,0.000,0.000,300.000,0.000,1000.000,7500.000,0,0,1500,1000.000,200.000,0.000,2700.000,2000.000,150.000,0.000,0.000,200.000,0.000,350,0.000,0.000,2700.000,5
28,2014,2,16/05/1991,0.000,1,1,2010,1.000,11.550,0.895,8,4,4.000,0,0,,4,,1,7.000,4,0,2,5,3,5622.000,0.000,5622.000,3000.000,2000.000,300.000,0.000,200.000,100.000,0.000,1000.000,6600.000,0,0,1500,1200.000,0.000,0.000,2700.000,300.000,450.000,250.000,0.000,500.000,0.000,700,200.000,250.000,2650.000,5
29,2015,1,26/06/1991,0.000,0,1,2009,3.000,12.902,0.801,6,5,4.000,0,1,"Problemas personales, Falta de tiempo para estudiar, Elevada carga horaria, Mala distribución del tiempo",4,,0,0.000,0,0,2,1,2,7000.000,0.000,7000.000,4000.000,2000.000,2000.000,0.000,1000.000,1000.000,0.000,1000.000,11000.000,0,0,1500,1500.000,0.000,0.000,3000.000,1000.000,600.000,0.000,650.000,500.000,0.000,3000,0.000,200.000,5950.000,5
30,2015,1,29/01/1990,0.000,1,1,2010,1.000,12.537,0.830,6,3,3.000,0,0,,4,,0,0.000,2,0,1,1,3,6700.000,0.000,6700.000,10000.000,2000.000,2000.000,0.000,0.000,1000.000,0.000,1000.000,16000.000,0,0,1500,500.000,1000.000,0.000,3000.000,2000.000,500.000,0.000,0.000,600.000,0.000,600,0.000,200.000,3900.000,5
31,2015,1,18/09/1990,0.000,0,1,2009,3.000,14.180,0.100,9,4,4.000,0,0,,2,,1,7.000,0,0,2,2,4,8788.000,8000.000,16788.000,7000.000,2000.000,2500.000,1000.000,0.000,1000.000,0.000,1500.000,15000.000,0,0,1500,3000.000,2500.000,0.000,7000.000,2000.000,350.000,500.000,500.000,750.000,0.000,1500,1000.000,200.000,6800.000,5
32,2014,1,05/11/1989,0.000,0,1,2008,1.000,13.225,0.793,7,4,3.000,0,1,"Problemas de salud, Deficientes hábitos de estudios, Elevada carga horaria",4,,1,3.000,0,0,7,2,4,6529.000,5000.000,11529.000,10000.000,1700.000,2000.000,0.000,0.000,0.000,0.000,500.000,14200.000,0,0,1500,1000.000,0.000,0.000,2500.000,0.000,850.000,0.000,0.000,500.000,0.000,1500,0.000,150.000,3000.000,4
33,2014,1,18/02/1991,0.000,0,0,2010,1.000,11.916,0.594,4,3,3.000,0,0,,3,,1,1.000,2,0,1,1,3,24905.010,0.000,24905.010,9000.000,1500.000,3000.000,0.000,2500.000,1000.000,2600.000,1500.000,21100.000,0,0,1500,1500.000,0.000,0.000,3000.000,700.000,1000.000,200.000,0.000,300.000,0.000,500,0.000,300.000,3000.000,5
34,2014,2,24/11/1989,0.000,0,0,2011,1.000,13.575,0.983,7,2,2.000,0,0,,2,,1,4.000,4,0,1,5,1,8096.000,0.000,8096.000,3000.000,300.000,500.000,0.000,1500.000,300.000,300.000,500.000,6400.000,0,0,1500,500.000,0.000,0.000,2000.000,0.000,300.000,0.000,300.000,500.000,0.000,1000,200.000,0.000,2300.000,5
35,2015,1,22/06/1990,0.000,0,1,2010,1.000,11.936,0.798,7,6,5.000,0,1,"Falta de tiempo para estudiar, Elevada carga horaria, Mala distribución del tiempo",6,,1,7.000,2,0,3,1,4,14000.000,0.000,14000.000,8000.000,2200.000,2000.000,0.000,0.000,600.000,0.000,2000.000,14800.000,0,0,1500,3000.000,0.000,0.000,4500.000,2400.000,600.000,0.000,0.000,500.000,0.000,500,0.000,1600.000,5600.000,3
36,2015,1,09/04/1990,0.000,0,1,2008,3.000,14.873,0.966,10,2,2.000,0,0,,2,,0,0.000,2,0,5,1,1,10000.000,0.000,10000.000,4000.000,900.000,700.000,0.000,0.000,150.000,0.000,180.000,5930.000,0,0,1500,1600.000,0.000,0.000,3100.000,400.000,600.000,300.000,0.000,400.000,0.000,450,800.000,120.000,3070.000,4
37,2014,2,06/09/1989,0.000,1,1,2008,1.000,14.438,1.000,10,2,2.000,0,0,,2,,1,5.000,2,0,1,1,5,23152.740,0.000,23152.740,10000.000,9640.000,0.000,5000.000,0.000,600.000,500.000,700.000,26440.000,0,0,1500,4000.000,0.000,0.000,5500.000,3000.000,1840.000,0.000,0.000,3000.000,0.000,500,2000.000,1500.000,11840.000,4
38,2014,2,28/06/1991,0.000,0,1,2008,3.000,14.194,1.000,10,2,2.000,0,0,,2,,0,0.000,2,0,1,1,1,9066.840,0.000,9066.840,5000.000,2000.000,3000.000,0.000,0.000,2000.000,0.000,3500.000,15500.000,0,0,1500,3000.000,235.000,0.000,4735.000,2000.000,2000.000,3000.000,2000.000,2000.000,0.000,2500,2000.000,1200.000,16700.000,4
39,2014,2,22/03/1991,0.000,0,0,2010,1.000,13.266,0.955,6,2,2.000,0,0,,2,,0,0.000,7,1,2,2,5,15000.000,0.000,15000.000,6000.000,0.000,0.000,0.000,0.000,500.000,0.000,500.000,7000.000,0,0,1500,4000.000,0.000,0.000,5500.000,2000.000,100.000,0.000,1000.000,500.000,0.000,500,500.000,200.000,4800.000,5
40,2015,1,21/09/1990,0.000,0,1,2008,1.000,14.557,1.000,10,2,2.000,0,0,,2,,1,6.000,2,0,1,1,1,5622.480,5622.480,11244.960,5000.000,2000.000,2000.000,0.000,0.000,1000.000,500.000,1000.000,11500.000,0,0,1500,1500.000,0.000,0.000,3000.000,1000.000,1500.000,0.000,0.000,500.000,0.000,500,0.000,200.000,3700.000,5
41,2014,2,19/10/1991,0.000,0,1,2010,1.000,14.338,0.100,8,5,5.000,0,0,,4,,0,0.000,2,0,1,1,3,9000.000,0.000,9000.000,5000.000,1000.000,2000.000,0.000,500.000,300.000,600.000,1000.000,10400.000,0,0,1500,1000.000,0.000,0.000,2500.000,200.000,500.000,0.000,0.000,500.000,0.000,1000,0.000,300.000,2500.000,5
42,2014,2,23/11/1990,0.000,0,1,2008,1.000,13.652,0.968,8,5,5.000,0,0,,5,,1,1.000,0,0,1,2,5,7500.000,0.000,7500.000,4500.000,300.000,2000.000,0.000,1300.000,600.000,600.000,300.000,9600.000,0,0,1500,1000.000,200.000,0.000,2700.000,400.000,100.000,0.000,0.000,600.000,0.000,1400,100.000,100.000,2700.000,4
43,2014,2,18/05/1992,0.000,0,1,2011,1.000,13.600,1.000,7,4,4.000,0,0,,4,,0,0.000,7,0,0,2,4,10000.000,5000.000,15000.000,8000.000,200.000,500.000,0.000,0.000,1000.000,0.000,1800.000,11500.000,0,0,1500,500.000,0.000,0.000,2000.000,300.000,500.000,200.000,0.000,200.000,0.000,1000,0.000,300.000,2500.000,5
44,2014,2,18/05/1992,0.000,0,1,2011,1.000,13.600,1.000,7,4,4.000,0,0,,4,,0,0.000,0,0,0,2,4,10000.000,5000.000,15000.000,8000.000,200.000,500.000,0.000,0.000,1000.000,0.000,1800.000,11500.000,0,0,1500,500.000,0.000,0.000,2000.000,300.000,500.000,200.000,0.000,200.000,0.000,1000,0.000,300.000,2500.000,5
45,2014,1,18/05/1992,0.000,0,1,2010,1.000,13.666,1.000,7,4,4.000,0,0,,4,,0,0.000,7,0,0,2,4,10000.000,5000.000,15000.000,8000.000,200.000,500.000,0.000,0.000,1000.000,0.000,1800.000,11500.000,1,0,1500,500.000,0.000,0.000,2000.000,300.000,500.000,200.000,0.000,200.000,0.000,1000,0.000,300.000,2500.000,5
46,2014,2,21/04/1990,0.000,1,1,2011,3.000,14.200,0.915,7,4,2.000,0,2,"Problemas personales, Mala distribución del tiempo",5,,1,1.000,2,0,1,1,2,7000.000,0.000,7000.000,5000.000,2000.000,0.000,0.000,0.000,500.000,0.000,1000.000,8500.000,0,0,2000,600.000,0.000,0.000,2600.000,1000.000,1000.000,0.000,0.000,1500.000,0.000,2000,1500.000,300.000,7300.000,5
47,2014,2,24/01/1991,0.000,1,1,2008,3.000,16.712,1.000,10,1,1.000,0,0,,1,,1,5.000,0,0,0,2,5,16000.000,0.000,16000.000,7000.000,1000.000,4000.000,1000.000,2000.000,1000.000,0.000,1000.000,17000.000,0,0,1500,2000.000,0.000,0.000,3500.000,500.000,1000.000,0.000,0.000,500.000,0.000,2000,0.000,200.000,4200.000,5
48,2015,1,08/09/1990,0.000,0,1,2008,1.000,14.000,0.386,2,3,3.000,0,0,,4,,1,7.000,0,0,0,2,4,1703645.000,2000.000,1705645.000,2500.000,700.000,2500.000,0.000,6000.000,500.000,0.000,580.000,12780.000,1,0,1500,1000.000,500.000,0.000,3000.000,400.000,400.000,2000.000,0.000,1000.000,0.000,1000,800.000,500.000,6100.000,4
49,2014,1,27/05/1988,0.000,1,0,2009,1.000,11.174,0.612,5,2,2.000,0,0,,3,,1,7.000,2,0,2,1,2,7000.000,0.000,7000.000,2000.000,2800.000,2000.000,0.000,0.000,1000.000,0.000,1000.000,8800.000,0,0,1500,2800.000,0.000,0.000,4300.000,1000.000,500.000,0.000,0.000,500.000,0.000,1800,0.000,200.000,4000.000,4
50,2014,2,24/08/1992,0.000,0,1,2010,1.000,13.500,0.950,8,4,3.000,0,1,Problemas de salud,4,,1,6.000,0,0,0,1,4,17200.000,0.000,17200.000,8000.000,2000.000,2000.000,2000.000,0.000,800.000,1900.000,2000.000,18700.000,0,0,1500,2000.000,0.000,0.000,3500.000,2000.000,600.000,1000.000,0.000,2000.000,0.000,2000,2000.000,200.000,9800.000,5
51,2014,2,11/01/2015,0.000,0,0,2010,1.000,12.565,0.983,7,2,2.000,0,0,Mala distribución del tiempo,2,,0,0.000,0,0,2,2,5,40000.000,0.000,40000.000,20000.000,1680.000,10000.000,0.000,0.000,800.000,0.000,5000.000,37480.000,0,0,1500,600.000,500.000,0.000,2600.000,400.000,560.000,300.000,0.000,1000.000,0.000,300,0.000,200.000,2760.000,5
52,2014,2,26/07/1991,0.000,0,1,2009,1.000,12.609,0.759,7,5,4.000,0,1,Problemas familiares,4,,0,0.000,2,0,2,1,3,8500.000,4000.000,12500.000,5500.000,3500.000,2000.000,0.000,0.000,400.000,0.000,800.000,12200.000,0,0,1500,1400.000,500.000,200.000,3600.000,400.000,2300.000,0.000,0.000,150.000,0.000,600,400.000,100.000,3950.000,5
53,2015,1,22/02/1991,0.000,0,1,2008,1.000,13.675,0.972,10,2,2.000,0,0,,2,,0,0.000,0,0,1,5,3,22000.000,5000.000,27000.000,30000.000,3000.000,2000.000,0.000,4500.000,1500.000,350.000,1000.000,42350.000,0,0,1500,2000.000,2000.000,0.000,5500.000,30000.000,2000.000,10000.000,0.000,1000.000,0.000,2000,1000.000,1500.000,47500.000,5
54,2015,1,11/07/1992,0.000,1,1,2008,3.000,14.906,1.000,10,1,1.000,0,0,,1,,4,0.000,7,0,2,1,3,7977.000,15000.000,22977.000,10000.000,500.000,500.000,0.000,3000.000,500.000,0.000,500.000,15000.000,0,0,1500,1500.000,2000.000,0.000,5000.000,1000.000,250.000,0.000,0.000,750.000,0.000,500,800.000,200.000,3500.000,5
55,2015,1,18/04/1991,0.000,0,1,2008,3.000,13.654,1.000,9,4,4.000,0,0,,2,,1,6.000,7,1,1,2,2,5622.000,0.000,5622.000,2000.000,500.000,1500.000,0.000,0.000,60.000,0.000,0.000,4060.000,0,0,1500,1500.000,0.000,0.000,3000.000,600.000,1300.000,0.000,0.000,400.000,0.000,700,0.000,0.000,3000.000,5
56,2014,1,07/04/1990,0.000,0,0,2008,1.000,12.083,0.788,7,2,2.000,0,0,,2,,1,7.000,4,0,1,1,2,5600.000,0.000,5600.000,2500.000,1000.000,2000.000,0.000,0.000,300.000,500.000,300.000,6600.000,0,0,1500,700.000,0.000,0.000,2200.000,500.000,200.000,200.000,0.000,600.000,0.000,150,0.000,200.000,1850.000,5
57,2014,1,12/12/1990,0.000,0,0,2011,1.000,12.066,0.921,6,3,3.000,0,0,,2,,0,0.000,0,0,1,1,2,5622.000,0.000,5622.000,3000.000,720.000,2000.000,0.000,0.000,400.000,3000.000,2000.000,11120.000,0,0,1500,800.000,0.000,0.000,2300.000,1000.000,720.000,0.000,0.000,800.000,0.000,1000,500.000,200.000,4220.000,5
58,2015,1,11/10/1990,0.000,0,1,2010,1.000,12.659,0.820,7,4,2.000,0,2,"Mala distribución del tiempo, me costaron esas materias",4,,0,0.000,0,0,1,1,3,15000.000,15000.000,30000.000,12000.000,2000.000,2000.000,0.000,3500.000,700.000,2200.000,1200.000,23600.000,0,0,1500,2000.000,0.000,0.000,3500.000,2500.000,400.000,1000.000,0.000,3000.000,0.000,2000,0.000,500.000,9400.000,4
59,2014,2,25/07/1990,0.000,0,1,2008,1.000,13.172,0.903,9,1,1.000,0,0,,2,,1,0.000,0,1,1,0,3,15000.000,0.000,15000.000,10000.000,1000.000,5000.000,3000.000,3000.000,1000.000,1000.000,2000.000,26000.000,0,0,1500,500.000,100.000,0.000,2100.000,100.000,700.000,0.000,0.000,200.000,0.000,500,500.000,200.000,2200.000,4
60,2015,1,08/09/1992,0.000,0,1,2009,3.000,16.300,1.000,9,4,4.000,0,0,,2,,1,6.000,2,0,0,1,2,8000.000,2000.000,10000.000,5000.000,500.000,500.000,0.000,0.000,800.000,300.000,400.000,7500.000,0,0,1500,2500.000,500.000,0.000,4500.000,800.000,800.000,0.000,500.000,1000.000,0.000,1000,400.000,200.000,4700.000,5
61,2015,1,21/03/1991,0.000,0,1,2008,1.000,14.871,1.000,10,1,1.000,0,0,,1,,0,0.000,2,0,1,1,2,14827.000,6000.000,20827.000,12000.000,1660.000,4000.000,2000.000,1150.000,1330.000,2000.000,1800.000,25940.000,0,0,1500,1000.000,0.000,0.000,2500.000,800.000,60.000,100.000,0.000,300.000,0.000,500,400.000,500.000,2660.000,4
62,2014,1,20/09/1991,0.000,0,1,2010,1.000,12.487,0.769,6,3,2.000,0,1,"Problemas personales, Problemas familiares, Problemas económicos, Problemas de salud, Falta de tiempo para asistir a clases",5,,1,1.000,2,0,1,1,1,12500.000,0.000,12500.000,3500.000,200.000,900.000,700.000,0.000,800.000,2000.000,1000.000,9100.000,0,0,1500,700.000,500.000,0.000,2700.000,2000.000,600.000,800.000,2000.000,1500.000,0.000,2500,500.000,400.000,10300.000,5
63,2014,2,20/07/1992,0.000,0,0,2010,1.000,12.704,0.927,7,2,2.000,0,0,,2,,1,2.000,2,0,0,1,4,6850.000,0.000,6850.000,4000.000,600.000,325.000,0.000,0.000,490.000,0.000,1435.000,6850.000,0,0,1500,1000.000,0.000,0.000,2500.000,1200.000,760.000,0.000,0.000,140.000,0.000,400,0.000,200.000,2700.000,5
64,2014,1,23/08/1989,0.000,0,1,2008,1.000,11.453,0.618,7,5,2.000,0,3,"Problemas personales, Deficientes hábitos de estudios",5,,5,0.000,0,0,1,0,2,9000.000,7000.000,16000.000,5000.000,0.000,2000.000,0.000,0.000,2000.000,0.000,1000.000,10000.000,0,0,1500,500.000,0.000,0.000,2000.000,300.000,300.000,0.000,0.000,300.000,0.000,1000,0.000,100.000,2000.000,5
65,2015,1,04/05/1992,0.000,0,1,2008,3.000,14.460,0.972,10,1,1.000,0,0,,1,,0,0.000,7,0,4,5,2,11000.000,0.000,11000.000,5000.000,3000.000,2000.000,2000.000,4000.000,100.000,0.000,1000.000,17100.000,0,0,1500,4000.000,1000.000,0.000,6500.000,2000.000,1000.000,0.000,0.000,500.000,2700.000,2000,0.000,200.000,8400.000,3
66,2015,1,18/12/1990,0.000,0,1,2010,1.000,12.986,0.753,5,5,3.000,1,1,"Falta de tiempo para estudiar, Mala distribución del tiempo, Lejanía entre la residencia y la universidad",4,,0,0.000,0,0,1,2,4,14000.000,8000.000,22000.000,9000.000,5000.000,2000.000,0.000,0.000,1600.000,800.000,1500.000,19900.000,0,0,1500,600.000,0.000,0.000,2100.000,400.000,550.000,0.000,0.000,200.000,0.000,900,0.000,200.000,2250.000,4
67,2015,1,21/09/1991,0.000,0,1,2008,3.000,12.750,0.850,8,3,3.000,0,0,,2,,6,0.000,7,0,0,1,3,9000.000,0.000,9000.000,5000.000,500.000,2000.000,0.000,0.000,1000.000,0.000,1000.000,9500.000,0,0,1500,3000.000,0.000,0.000,4500.000,1700.000,100.000,0.000,0.000,300.000,0.000,500,0.000,200.000,2800.000,5
68,2014,2,26/10/1991,0.000,1,1,2009,3.000,12.975,0.896,8,5,5.000,0,0,,4,,7,0.000,5,0,1,1,3,9800.000,6000.000,15800.000,4000.000,1000.000,3000.000,2000.000,1000.000,800.000,1500.000,2500.000,15800.000,0,0,1500,4500.000,0.000,0.000,6000.000,1500.000,500.000,800.000,300.000,600.000,0.000,1000,800.000,500.000,6000.000,5
69,2014,2,23/08/1991,0.000,0,1,2008,3.000,13.489,0.946,9,4,4.000,0,0,,2,,0,0.000,2,0,1,1,3,5622.000,4000.000,9622.000,5000.000,100.000,900.000,0.000,0.000,600.000,1000.000,1000.000,8600.000,0,0,1500,3000.000,0.000,0.000,4500.000,2000.000,300.000,200.000,0.000,500.000,0.000,1000,300.000,200.000,4500.000,4
70,2014,1,30/05/1993,0.000,0,0,2011,1.000,12.218,0.914,5,3,2.000,0,1,"Problemas con el/la docente, Lejanía entre la residencia y la universidad",2,,1,5.000,2,0,0,1,3,10900.000,4000.000,14900.000,5000.000,7664.000,4000.000,2000.000,2350.000,380.000,300.000,700.000,22394.000,0,0,1500,1400.000,2000.000,0.000,4900.000,0.000,2420.000,2000.000,1500.000,2500.000,0.000,2000,0.000,1000.000,11420.000,4
71,2015,1,01/11/1991,0.000,0,1,2009,1.000,14.814,1.000,10,1,1.000,0,0,,1,,1,1.000,0,0,1,2,3,6761.000,0.000,6761.000,3000.000,900.000,2000.000,0.000,0.000,1000.000,0.000,1000.000,7900.000,0,0,1500,2500.000,0.000,0.000,4000.000,1200.000,300.000,0.000,0.000,1000.000,0.000,1500,0.000,200.000,4200.000,5
72,2015,1,28/06/1993,0.000,0,1,2009,3.000,14.314,0.972,9,4,4.000,0,0,,2,,8,0.000,5,0,1,2,4,10323.000,0.000,10323.000,6123.000,200.000,1000.000,1000.000,1000.000,500.000,0.000,500.000,10323.000,0,0,1500,2000.000,1000.000,0.000,4500.000,1500.000,200.000,1000.000,0.000,1000.000,0.000,800,0.000,0.000,4500.000,5
73,2015,1,19/10/1991,0.000,1,1,2011,1.000,13.000,1.000,8,4,4.000,0,0,,4,,1,6.000,2,0,1,1,2,30000.000,0.000,30000.000,15000.000,5000.000,2000.000,0.000,1500.000,3000.000,1000.000,2000.000,29500.000,0,0,1500,1500.000,0.000,0.000,3000.000,1000.000,1000.000,1000.000,0.000,1000.000,0.000,1000,500.000,500.000,6000.000,5
74,2014,1,12/07/1993,0.000,0,0,2011,1.000,14.130,1.000,8,2,2.000,0,0,,3,,1,1.000,7,0,4,2,2,7000.000,2000.000,9000.000,2000.000,500.000,2000.000,0.000,0.000,1000.000,800.000,1000.000,7300.000,0,0,1500,3500.000,1500.000,0.000,6500.000,1500.000,300.000,0.000,0.000,500.000,4000.000,200,0.000,200.000,6700.000,4
75,2015,2,13/04/1993,0.000,0,1,2011,3.000,15.557,1.000,7,5,5.000,0,0,,5,,3,2.000,5,0,4,2,5,10000.000,5000.000,15000.000,7000.000,400.000,1000.000,0.000,200.000,1500.000,500.000,2000.000,12600.000,0,0,1500,6000.000,0.000,0.000,7500.000,2000.000,300.000,200.000,0.000,400.000,3000.000,500,0.000,200.000,6600.000,5
76,2014,2,20/07/1991,0.000,0,1,2013,1.000,15.388,1.000,3,5,5.000,0,0,,6,,0,0.000,0,0,1,2,4,37318.750,0.000,37318.750,20000.000,1300.000,3000.000,600.000,5400.000,700.000,1900.000,10000.000,42900.000,0,0,1500,2500.000,0.000,0.000,4000.000,4000.000,400.000,700.000,600.000,700.000,0.000,700,500.000,260.000,7860.000,5
77,2015,1,08/07/1994,0.000,0,1,2012,1.000,14.961,1.000,4,6,5.000,1,0,,5,,0,0.000,0,0,1,1,4,9777.000,5000.000,14777.000,5000.000,1500.000,2000.000,0.000,1500.000,3000.000,1000.000,1000.000,15000.000,0,0,1500,1500.000,0.000,0.000,3000.000,700.000,500.000,500.000,0.000,500.000,0.000,1000,500.000,200.000,3900.000,4
78,2014,1,03/04/1993,0.000,0,0,2014,1.000,16.833,1.000,3,5,5.000,0,0,,5,,1,4.000,2,0,4,1,1,7500.000,0.000,7500.000,1000.000,100.000,900.000,0.000,0.000,400.000,0.000,300.000,2700.000,0,0,1500,1500.000,0.000,0.000,3000.000,400.000,300.000,0.000,0.000,500.000,4120.000,650,700.000,450.000,7120.000,4
79,2015,1,10/01/1992,0.000,0,1,2010,1.000,14.114,1.000,7,4,4.000,0,0,,4,,0,0.000,7,0,1,1,2,12000.000,0.000,12000.000,4000.000,2000.000,2000.000,0.000,0.000,700.000,500.000,1000.000,10200.000,0,0,1500,1000.000,0.000,0.000,2500.000,1000.000,500.000,0.000,0.000,500.000,0.000,4000,0.000,500.000,6500.000,5
80,2015,1,08/10/1992,0.000,0,0,2014,1.000,11.833,1.000,3,5,5.000,0,0,,5,,0,0.000,0,0,1,2,3,7028.000,5622.000,12650.000,6000.000,1000.000,2000.000,0.000,2000.000,600.000,2000.000,1000.000,14600.000,0,0,1500,1000.000,0.000,0.000,2500.000,500.000,400.000,0.000,0.000,250.000,0.000,800,0.000,600.000,2550.000,5
81,2014,2,13/09/1991,0.000,0,1,2010,1.000,13.196,0.983,7,4,4.000,0,0,,6,,0,0.000,0,0,1,0,2,10000.000,10000.000,20000.000,13000.000,3000.000,1000.000,0.000,0.000,1000.000,200.000,1500.000,19700.000,0,0,1500,2000.000,1000.000,0.000,4500.000,1000.000,1000.000,300.000,0.000,700.000,0.000,1000,0.000,500.000,4500.000,5
82,2014,2,13/08/1992,0.000,0,1,2011,1.000,14.590,1.000,7,4,4.000,0,0,,5,,0,0.000,2,0,1,1,2,6050.000,0.000,6050.000,3200.000,500.000,2000.000,0.000,0.000,800.000,0.000,1000.000,7500.000,1,0,1500,0.000,0.000,1000.000,2500.000,500.000,500.000,0.000,0.000,500.000,0.000,1500,0.000,200.000,3200.000,4
83,2015,1,24/01/1992,0.000,0,1,2009,1.000,12.000,0.798,8,5,3.000,0,2,"Problemas personales, Problemas económicos",5,,2,5.000,6,0,1,1,2,11550.000,7000.000,18550.000,9000.000,1000.000,1000.000,0.000,3000.000,3000.000,600.000,2000.000,19600.000,0,0,1500,1500.000,3000.000,1000.000,7000.000,1500.000,300.000,300.000,0.000,1000.000,0.000,3000,1000.000,2000.000,9100.000,5
84,2014,2,29/10/1993,0.000,0,1,2011,3.000,13.670,0.967,6,5,5.000,0,0,,4,,9,0.000,4,0,2,2,2,5000.000,0.000,5000.000,3000.000,500.000,500.000,0.000,0.000,300.000,0.000,700.000,5000.000,1,0,1500,2000.000,0.000,0.000,3500.000,1500.000,500.000,0.000,0.000,500.000,0.000,1000,0.000,500.000,4000.000,5
85,2014,2,21/06/1993,0.000,1,1,2011,3.000,14.676,1.000,7,4,4.000,0,0,,4,,5,0.000,2,0,0,1,3,5622.000,0.000,5622.000,2500.000,1000.000,2000.000,0.000,0.000,122.000,0.000,1000.000,6622.000,1,0,1500,1500.000,0.000,0.000,3000.000,900.000,1600.000,0.000,0.000,500.000,0.000,500,0.000,200.000,3700.000,4
86,2014,2,20/02/1992,0.000,1,1,2011,3.000,15.877,1.000,7,4,4.000,0,0,,6,,0,0.000,0,0,2,1,3,8000.000,0.000,8000.000,4000.000,500.000,2000.000,0.000,0.000,1000.000,0.000,1000.000,8500.000,0,0,1500,800.000,0.000,0.000,2300.000,500.000,150.000,0.000,0.000,600.000,0.000,1000,0.000,50.000,2300.000,4
87,2014,1,07/06/1993,0.000,0,0,2010,1.000,12.900,0.900,7,2,2.000,0,0,,2,,0,0.000,2,0,1,1,5,5600.000,5000.000,10600.000,5000.000,1200.000,600.000,0.000,1000.000,1000.000,800.000,1000.000,10600.000,0,0,1500,1000.000,0.000,0.000,2500.000,500.000,800.000,0.000,0.000,500.000,0.000,500,200.000,500.000,3000.000,5
88,2014,2,03/04/1992,0.000,0,0,2009,1.000,11.604,0.760,5,2,2.000,0,0,,2,,1,7.000,1,1,2,1,4,4480.000,2000.000,6480.000,2000.000,1000.000,0.000,0.000,0.000,1000.000,600.000,1000.000,5600.000,1,0,1500,1000.000,0.000,0.000,2500.000,500.000,1000.000,0.000,0.000,500.000,0.000,500,0.000,0.000,2500.000,5
89,2014,2,18/04/1993,0.000,0,1,2012,1.000,17.220,1.000,5,4,4.000,0,0,,7,,1,4.000,2,0,2,1,2,7980.000,0.000,7980.000,7000.000,1000.000,1500.000,0.000,0.000,400.000,0.000,800.000,10700.000,0,0,1500,400.000,0.000,0.000,1900.000,1500.000,400.000,300.000,0.000,1000.000,0.000,1000,500.000,500.000,5200.000,5
90,2015,1,24/05/1991,0.000,0,1,2010,1.000,13.336,0.930,7,5,4.000,1,0,,4,,11,0.000,5,0,1,5,4,9100.000,0.000,9100.000,4000.000,1000.000,2000.000,0.000,1000.000,500.000,0.000,1000.000,9500.000,0,0,1500,500.000,500.000,0.000,2500.000,1000.000,600.000,200.000,0.000,1000.000,0.000,2000,500.000,300.000,5600.000,4
91,2014,1,21/11/1992,0.000,0,0,2010,1.000,11.158,0.695,6,3,3.000,0,0,,1,,1,0.000,2,0,1,1,4,5500.000,0.000,5500.000,5000.000,500.000,2000.000,0.000,0.000,1000.000,0.000,1000.000,9500.000,0,0,1500,1000.000,0.000,0.000,2500.000,1000.000,1500.000,0.000,0.000,500.000,0.000,1000,0.000,200.000,4200.000,4
92,2015,1,22/05/1993,0.000,0,1,2010,1.000,12.700,0.727,4,3,1.000,1,1,"Problemas familiares, Deficiente formación del bachillerato",4,,1,6.000,0,0,0,1,5,10810.910,7500.000,18310.910,5000.000,1400.000,2450.000,1000.000,3500.000,750.000,800.000,3000.000,17900.000,0,0,1500,1500.000,0.000,0.000,3000.000,1200.000,700.000,300.000,0.000,300.000,0.000,300,0.000,200.000,3000.000,5
93,2014,1,27/08/1993,0.000,0,0,2011,3.000,13.078,0.983,7,2,2.000,0,0,,2,,1,6.000,0,0,2,2,4,8000.000,0.000,8000.000,4000.000,1500.000,2000.000,0.000,650.000,250.000,400.000,300.000,9100.000,0,0,1500,900.000,0.000,0.000,2400.000,700.000,500.000,0.000,0.000,100.000,0.000,1000,0.000,100.000,2400.000,4
94,2014,2,17/08/1993,0.000,0,1,2011,3.000,13.227,0.859,6,6,5.000,1,0,,3,,12,2.000,4,0,1,2,3,6700.000,0.000,6700.000,5000.000,1000.000,1500.000,0.000,2000.000,1000.000,0.000,700.000,11200.000,0,0,1500,1500.000,0.000,0.000,3000.000,500.000,100.000,300.000,0.000,600.000,0.000,1300,200.000,200.000,3200.000,3
95,2014,2,09/11/1992,0.000,0,1,2009,1.000,13.222,0.951,8,4,4.000,0,0,,3,,1,1.000,2,0,1,2,2,10000.000,8000.000,18000.000,12000.000,3000.000,0.000,0.000,2500.000,3500.000,2100.000,5000.000,28100.000,0,0,1500,3000.000,1000.000,0.000,5500.000,2000.000,1500.000,1000.000,0.000,2500.000,0.000,2000,2500.000,355.000,11855.000,5
96,2015,1,22/02/1991,0.000,0,1,2008,1.000,12.947,0.927,10,0,0.000,0,0,,1,,0,0.000,2,0,3,1,4,5622.480,3000.000,8622.480,3000.000,1500.000,1000.000,1000.000,500.000,500.000,0.000,500.000,8000.000,0,0,1500,600.000,600.000,0.000,2700.000,1000.000,500.000,1000.000,1000.000,500.000,0.000,1500,1000.000,1000.000,7500.000,4
97,2014,2,19/02/1994,0.000,0,1,2011,3.000,13.824,0.968,6,5,5.000,0,0,,4,,1,7.000,2,0,2,5,3,6750.000,0.000,6750.000,3500.000,1500.000,0.000,0.000,1500.000,250.000,0.000,0.000,6750.000,0,0,1500,1500.000,0.000,0.000,3000.000,500.000,1000.000,0.000,0.000,300.000,0.000,1200,0.000,0.000,3000.000,5
98,2014,1,09/11/1993,0.000,0,0,2011,1.000,12.171,0.981,6,3,3.000,0,0,,1,,0,0.000,0,0,2,2,4,7500.000,5000.000,12500.000,6000.000,1000.000,2000.000,2000.000,100.000,400.000,500.000,500.000,12500.000,0,0,1500,1000.000,500.000,0.000,3000.000,600.000,400.000,300.000,800.000,300.000,0.000,500,200.000,200.000,3300.000,5
99,2014,2,01/11/1990,0.000,0,1,2008,3.000,12.024,0.838,8,4,2.000,1,1,Elevada carga horaria,4,,13,1.000,7,0,4,1,4,15000.000,0.000,15000.000,5000.000,500.000,2000.000,0.000,8000.000,1000.000,0.000,1000.000,17500.000,0,0,1500,4000.000,500.000,0.000,6000.000,2000.000,500.000,0.000,0.000,500.000,2500.000,700,0.000,300.000,6500.000,5
100,2014,2,27/02/1992,0.000,0,0,2010,1.000,13.782,0.983,7,2,2.000,0,0,Problemas económicos,2,,1,2.000,2,0,1,1,2,6560.000,0.000,6560.000,3000.000,460.000,800.000,0.000,0.000,800.000,0.000,1500.000,6560.000,0,0,1500,1000.000,0.000,0.000,2500.000,1400.000,760.000,0.000,0.000,500.000,0.000,150,60.000,130.000,3000.000,5
101,2014,2,21/11/1991,0.000,0,1,2008,3.000,12.706,0.790,6,6,5.000,0,1,"Falta de tiempo para estudiar, Mala distribución del tiempo, Lejanía entre la residencia y la universidad",4,,12,0.000,2,0,3,1,3,12749.000,3000.000,15749.000,6500.000,6700.000,2000.000,0.000,0.000,100.000,0.000,349.000,15649.000,0,0,1500,2000.000,700.000,0.000,4200.000,500.000,3500.000,0.000,0.000,500.000,0.000,1000,0.000,200.000,5700.000,4
102,2014,2,22/11/1993,0.000,0,1,2011,1.000,13.806,0.962,7,4,4.000,0,0,,5,,1,1.000,0,0,0,2,5,180000.000,0.000,180000.000,10000.000,300.000,2000.000,0.000,1300.000,4000.000,350.000,4000.000,21950.000,0,0,2000,600.000,0.000,500.000,3100.000,1000.000,100.000,0.000,0.000,1500.000,0.000,2000,1000.000,300.000,5900.000,5
103,2014,1,10/04/1993,0.000,0,0,2011,1.000,13.339,0.869,7,2,2.000,0,0,,2,,0,0.000,2,0,2,1,4,5000.000,0.000,5000.000,2000.000,500.000,300.000,1000.000,1000.000,200.000,0.000,0.000,5000.000,0,0,1500,1000.000,500.000,0.000,3000.000,1000.000,200.000,0.000,1000.000,300.000,0.000,500,0.000,0.000,3000.000,5
104,2014,1,10/04/1993,0.000,0,0,2011,1.000,13.339,0.869,7,2,2.000,0,0,,2,,0,0.000,2,0,2,1,4,5000.000,0.000,5000.000,2000.000,500.000,300.000,1000.000,1000.000,200.000,0.000,0.000,5000.000,0,0,1500,1000.000,500.000,0.000,3000.000,1000.000,200.000,0.000,1000.000,300.000,0.000,500,0.000,0.000,3000.000,5
105,2014,2,27/03/1992,0.000,0,1,2009,1.000,14.157,0.972,9,4,4.000,0,0,,2,,0,0.000,0,0,1,2,3,10500.000,6000.000,16500.000,5000.000,800.000,2500.000,600.000,4000.000,500.000,1200.000,1200.000,15800.000,0,0,1500,1500.000,1000.000,2000.000,6000.000,1200.000,200.000,500.000,400.000,1200.000,0.000,800,1800.000,500.000,6600.000,5
106,2015,1,06/04/1992,0.000,0,1,2010,3.000,13.969,0.924,7,5,4.000,0,1,Problemas personales,4,,14,6.000,5,0,2,1,3,16.000,4000.000,4016.000,7000.000,2000.000,3000.000,0.000,0.000,2000.000,1000.000,5000.000,20000.000,0,0,1500,3000.000,0.000,0.000,4500.000,1500.000,1000.000,0.000,0.000,500.000,0.000,600,500.000,400.000,4500.000,5
107,2015,1,31/05/1994,0.000,0,1,2012,1.000,12.128,0.661,2,4,1.000,1,2,"Problemas familiares, Problemas económicos, Problemas de salud, Problemas vocacionales, Falta de tiempo para asistir a clases, Falta de tiempo para estudiar, Deficientes hábitos de estudios",3,,0,0.000,2,0,1,1,2,10630.000,0.000,10630.000,7000.000,600.000,2000.000,0.000,0.000,1000.000,1000.000,800.000,12400.000,0,0,1500,0.000,0.000,0.000,1500.000,400.000,300.000,0.000,0.000,500.000,0.000,800,0.000,200.000,2200.000,5
108,2015,1,26/03/1994,0.000,0,0,2012,1.000,12.381,1.000,6,3,3.000,0,0,,2,,1,0.000,4,0,2,2,3,10500.000,0.000,10500.000,3000.000,2000.000,2500.000,0.000,0.000,1000.000,500.000,1500.000,10500.000,0,0,1500,1000.000,300.000,0.000,2800.000,200.000,300.000,0.000,0.000,400.000,0.000,200,0.000,200.000,1300.000,5
109,2015,1,13/11/1991,0.000,1,1,2010,1.000,13.981,0.964,7,4,4.000,0,0,,4,,1,0.000,2,0,1,1,2,9668.200,0.000,9668.200,1500.000,1000.000,2000.000,0.000,2000.000,1000.000,900.000,800.000,9200.000,0,0,1500,1000.000,1000.000,0.000,3500.000,1000.000,1000.000,0.000,0.000,500.000,0.000,1000,500.000,120.000,4120.000,5
110,2015,1,09/07/1993,0.000,1,1,2011,1.000,15.688,0.100,7,5,5.000,0,0,,4,,1,6.000,2,0,0,1,2,10000.000,12000.000,22000.000,13000.000,4000.000,2000.000,0.000,4000.000,1000.000,0.000,1000.000,25000.000,0,0,1500,5000.000,0.000,0.000,6500.000,2000.000,2500.000,0.000,0.000,500.000,0.000,1000,500.000,200.000,6700.000,5
111,2015,1,01/01/1994,0.000,0,1,2011,1.000,16.908,1.000,6,4,4.000,0,0,,5,,1,0.000,4,0,1,1,2,12000.000,0.000,12000.000,6000.000,1000.000,1500.000,0.000,1500.000,1500.000,500.000,1000.000,13000.000,0,0,1500,3500.000,0.000,0.000,5000.000,2000.000,500.000,0.000,0.000,500.000,0.000,1500,500.000,200.000,5200.000,5
112,2014,1,01/02/1993,0.000,0,1,2010,3.000,13.600,1.000,7,4,4.000,0,0,,4,,1,6.000,2,0,2,2,3,15000.000,2000.000,17000.000,4000.000,2000.000,1000.000,0.000,2000.000,400.000,0.000,1000.000,10400.000,1,0,1500,4000.000,1000.000,500.000,7000.000,2000.000,1000.000,500.000,500.000,1000.000,0.000,1000,1000.000,200.000,7200.000,5
113,2014,2,05/12/1992,0.000,1,1,2012,1.000,13.521,0.945,5,4,4.000,0,0,,7,,1,5.000,2,0,0,1,2,6000.000,3000.000,9000.000,4000.000,200.000,3000.000,0.000,0.000,600.000,0.000,300.000,8100.000,0,0,1500,1800.000,0.000,2000.000,5300.000,1600.000,1400.000,200.000,0.000,250.000,0.000,1300,0.000,300.000,5050.000,5
114,2014,1,27/12/1990,0.000,1,1,2008,3.000,14.385,1.000,10,2,2.000,0,0,,2,,1,5.000,4,0,1,1,2,7209.520,0.000,7209.520,5000.000,100.000,109.520,0.000,1000.000,1000.000,0.000,1000.000,8209.520,0,0,1500,1000.000,0.000,0.000,2500.000,200.000,200.000,100.000,500.000,500.000,0.000,1000,0.000,500.000,3000.000,4
115,2015,1,17/06/1993,0.000,0,1,2010,3.000,15.666,1.000,5,4,4.000,0,0,,7,,0,0.000,2,0,1,5,4,5622.480,2000.000,7622.480,4000.000,500.000,1000.000,0.000,0.000,600.000,500.000,1000.000,7600.000,0,0,1500,500.000,500.000,0.000,2500.000,500.000,500.000,0.000,0.000,500.000,0.000,1000,500.000,200.000,3200.000,4
116,2014,2,13/12/2015,0.000,0,1,2008,3.000,13.920,0.100,10,2,2.000,0,0,,2,,1,0.000,7,0,6,2,3,8000.000,2000.000,10000.000,9000.000,500.000,0.000,0.000,0.000,500.000,200.000,500.000,10700.000,0,0,1500,500.000,500.000,0.000,2500.000,1000.000,50.000,0.000,0.000,400.000,150.000,200,0.000,50.000,1850.000,3
117,2015,1,30/06/1993,0.000,0,1,2009,3.000,13.500,1.000,5,4,4.000,0,0,,5,,5,0.000,6,0,6,2,3,5660.000,0.000,5660.000,3860.000,300.000,2000.000,0.000,0.000,1000.000,0.000,1000.000,8160.000,0,0,1500,1500.000,0.000,0.000,3000.000,700.000,200.000,100.000,0.000,200.000,1500.000,300,0.000,200.000,3200.000,4
118,2014,2,24/06/1991,0.000,0,1,2010,3.000,13.621,1.000,8,5,5.000,0,0,,4,,1,3.000,5,0,1,5,3,3000.000,2000.000,5000.000,3000.000,0.000,3000.000,0.000,0.000,1000.000,3000.000,1000.000,11000.000,0,0,1500,500.000,500.000,0.000,2500.000,1500.000,300.000,1000.000,0.000,600.000,0.000,3000,600.000,600.000,7600.000,4
119,2014,1,12/07/1994,0.000,0,0,2012,1.000,10.333,0.533,2,2,2.000,0,0,,4,,0,0.000,2,0,1,1,4,6000.000,2000.000,8000.000,4000.000,880.000,3500.000,4000.000,2500.000,700.000,300.000,1000.000,16880.000,0,0,1500,3000.000,0.000,0.000,4500.000,1500.000,680.000,2000.000,2000.000,1500.000,0.000,2000,0.000,750.000,10430.000,5
120,2014,2,18/08/1994,0.000,0,1,2011,1.000,14.423,1.000,5,3,3.000,0,0,,6,,0,0.000,2,0,4,2,2,7265.000,5000.000,12265.000,5000.000,300.000,1500.000,0.000,0.000,300.000,0.000,200.000,7300.000,1,0,1500,1500.000,0.000,0.000,3000.000,1200.000,180.000,0.000,0.000,1000.000,3500.000,400,0.000,200.000,6480.000,5
121,2014,1,26/06/1994,0.000,0,0,2011,1.000,11.800,0.972,6,3,3.000,0,0,,2,,2,0.000,4,0,1,2,3,8656.000,3500.000,12156.000,5000.000,3000.000,2000.000,0.000,800.000,300.000,150.000,2500.000,13750.000,0,0,1500,3000.000,1000.000,0.000,5500.000,3000.000,1200.000,0.000,0.000,2500.000,0.000,2800,1500.000,2000.000,13000.000,3
122,2015,1,23/07/1993,0.000,0,0,2010,1.000,13.565,0.983,7,2,2.000,0,0,Mala distribución del tiempo,2,,0,0.000,2,0,1,1,2,8500.000,0.000,8500.000,2500.000,500.000,300.000,0.000,0.000,1000.000,1300.000,1500.000,7100.000,0,0,1500,1000.000,0.000,0.000,2500.000,550.000,200.000,0.000,0.000,500.000,0.000,1300,0.000,250.000,2800.000,5
123,2014,2,31/05/1993,0.000,0,1,2010,3.000,15.700,1.000,6,5,5.000,0,0,,4,,1,6.000,0,0,2,1,3,9570.000,4000.000,13570.000,5000.000,2000.000,1800.000,1000.000,2000.000,500.000,2500.000,800.000,15600.000,0,0,1500,800.000,0.000,200.000,2500.000,2000.000,1500.000,1800.000,1000.000,1500.000,0.000,3000,1000.000,500.000,12300.000,4
124,2014,2,14/12/1992,0.000,0,1,2013,1.000,11.700,0.513,4,5,2.000,1,2,"Problemas personales, Deficientes hábitos de estudios, Deficiente formación del bachillerato, Mala distribución del tiempo",5,,15,0.000,7,0,4,2,3,6747.000,2000.000,8747.000,2300.000,0.000,2500.000,0.000,0.000,100.000,0.000,2000.000,6900.000,0,0,1500,2500.000,1500.000,0.000,5500.000,1500.000,200.000,0.000,0.000,300.000,1500.000,1500,200.000,200.000,5400.000,5
125,2014,1,15/08/1994,0.000,0,1,2011,3.000,16.337,1.000,6,6,6.000,0,0,,4,,0,0.000,2,0,1,1,2,6137.000,0.000,6137.000,3000.000,1000.000,2000.000,0.000,1100.000,1000.000,0.000,1000.000,9100.000,0,0,1500,1500.000,0.000,0.000,3000.000,900.000,300.000,0.000,0.000,500.000,0.000,1300,0.000,200.000,3200.000,5
126,2014,2,27/08/1992,0.000,0,1,2012,3.000,15.420,0.945,5,5,5.000,0,0,,7,,1,5.000,1,0,1,1,4,5418.000,0.000,5418.000,3500.000,300.000,2000.000,0.000,0.000,1000.000,200.000,150.000,7150.000,0,0,1500,300.000,0.000,0.000,1800.000,1000.000,300.000,0.000,0.000,1000.000,0.000,300,0.000,200.000,2800.000,4
127,2015,1,15/02/1993,0.000,0,1,2011,1.000,13.693,0.898,6,5,5.000,0,0,,4,,1,5.000,2,0,1,1,2,10000.000,0.000,10000.000,3000.000,500.000,2000.000,0.000,0.000,1000.000,2500.000,1000.000,10000.000,0,0,1500,1500.000,0.000,0.000,3000.000,1000.000,500.000,0.000,0.000,500.000,0.000,800,300.000,200.000,3300.000,3
128,2015,1,30/10/1993,0.000,0,1,2011,3.000,13.500,0.818,2,5,3.000,2,0,,5,,0,0.000,2,0,1,1,4,8000.000,0.000,8000.000,3000.000,500.000,2000.000,0.000,2000.000,500.000,0.000,500.000,8500.000,1,0,1500,2000.000,0.000,0.000,3500.000,1000.000,500.000,0.000,700.000,500.000,0.000,1500,0.000,200.000,4400.000,4
129,2014,2,08/04/1994,0.000,0,1,2011,3.000,14.424,1.000,7,4,4.000,0,0,,6,,1,1.000,0,0,2,1,4,7600.000,5600.000,13200.000,10000.000,500.000,2000.000,0.000,0.000,200.000,0.000,1100.000,13800.000,0,0,1500,400.000,0.000,0.000,1900.000,1000.000,250.000,0.000,0.000,600.000,0.000,500,200.000,200.000,2750.000,5
130,2014,2,23/03/1993,0.000,0,1,2011,1.000,13.065,1.000,5,5,5.000,0,0,,5,,1,6.000,2,0,1,1,3,8000.000,3000.000,11000.000,7000.000,500.000,1500.000,0.000,0.000,310.000,400.000,1110.000,10820.000,0,0,1500,1000.000,0.000,0.000,2500.000,1000.000,500.000,0.000,0.000,1000.000,0.000,700,0.000,300.000,3500.000,4
131,2014,1,26/05/1993,0.000,0,0,2010,1.000,12.238,0.840,6,3,3.000,0,0,,2,,0,0.000,2,0,2,1,4,9000.000,0.000,9000.000,5000.000,2000.000,2000.000,0.000,0.000,1000.000,0.000,1000.000,11000.000,0,1,1500,9000.000,0.000,1500.000,12000.000,1000.000,500.000,0.000,950.000,1000.000,0.000,700,0.000,200.000,4350.000,5
132,2014,1,22/01/1994,0.000,0,0,2012,1.000,12.000,0.954,5,4,4.000,0,0,,3,,0,0.000,3,0,0,2,1,2457.020,0.000,2457.020,5000.000,300.000,0.000,0.000,0.000,500.000,0.000,500.000,6300.000,0,0,1500,300.000,0.000,0.000,1800.000,3000.000,300.000,0.000,0.000,300.000,0.000,500,0.000,300.000,4400.000,5
133,2014,1,12/09/1994,0.000,0,1,2012,1.000,15.690,1.000,4,5,5.000,0,0,,5,,5,0.000,2,0,3,1,4,6000.000,0.000,6000.000,4500.000,700.000,500.000,0.000,0.000,200.000,0.000,1500.000,7400.000,0,0,1500,500.000,200.000,0.000,2200.000,2000.000,600.000,0.000,0.000,300.000,0.000,400,0.000,200.000,3500.000,5
134,2014,2,06/12/1994,0.000,0,1,2012,3.000,12.500,0.870,5,5,4.000,0,1,Problemas personales,6,,5,0.000,0,0,3,2,6,16043.760,0.000,16043.760,9000.000,2700.000,2000.000,0.000,3000.000,1000.000,0.000,343.760,18043.760,0,0,1500,1400.000,0.000,0.000,2900.000,1500.000,200.000,0.000,0.000,500.000,0.000,700,0.000,200.000,3100.000,4
135,2015,1,18/02/1993,0.000,0,1,2011,1.000,13.157,0.869,5,5,4.000,0,1,"Problemas familiares, Problemas económicos, Falta de tiempo para estudiar, Elevada carga horaria, Mala distribución del tiempo, Lejanía entre la residencia y la universidad",5,,16,7.000,4,1,1,4,1,2000.000,0.000,2000.000,500.000,500.000,600.000,400.000,200.000,100.000,200.000,100.000,2600.000,0,0,1500,0.000,0.000,1500.000,3000.000,500.000,500.000,600.000,400.000,200.000,0.000,200,100.000,100.000,2600.000,5
136,2014,2,01/12/1993,0.000,0,1,2012,3.000,14.320,0.918,5,5,5.000,0,0,,6,,10,0.000,7,1,4,2,5,6500.000,3000.000,9500.000,2000.000,200.000,450.000,0.000,150.000,350.000,0.000,300.000,3450.000,0,0,1500,4000.000,1500.000,0.000,7000.000,1000.000,100.000,0.000,0.000,300.000,5000.000,600,0.000,200.000,7200.000,4
137,2015,1,12/06/1991,0.000,0,0,2013,1.000,14.000,1.000,4,4,4.000,0,0,,4,,1,4.000,0,0,0,1,2,6000.000,0.000,6000.000,3000.000,600.000,2000.000,0.000,2000.000,1000.000,0.000,1000.000,9600.000,0,0,1500,300.000,100.000,200.000,2100.000,1000.000,200.000,300.000,0.000,500.000,0.000,500,0.000,100.000,2600.000,4
138,2015,1,01/03/1993,0.000,0,1,2009,3.000,11.686,0.716,6,5,4.000,0,1,Problemas de adaptación de la UCV,5,,12,4.000,0,0,1,1,1,6747.000,10000.000,16747.000,8000.000,500.000,3000.000,600.000,0.000,600.000,1000.000,1000.000,14700.000,0,1,1500,3600.000,2800.000,2000.000,9900.000,3000.000,500.000,1500.000,600.000,1500.000,0.000,2000,500.000,120.000,9720.000,4
139,2014,2,11/04/1994,0.000,0,1,2012,3.000,11.857,0.789,5,4,4.000,0,0,,6,,1,6.000,0,0,2,1,3,6852.080,0.000,6852.080,4000.000,800.000,2000.000,1400.000,0.000,250.000,0.000,600.000,9050.000,0,0,1500,600.000,0.000,0.000,2100.000,1000.000,400.000,0.000,800.000,500.000,0.000,800,0.000,200.000,3700.000,4
140,2014,1,07/09/1993,0.000,0,0,2010,3.000,14.371,1.000,6,3,3.000,0,0,,1,,1,7.000,0,0,7,1,5,7500.000,0.000,7500.000,5000.000,1000.000,1000.000,0.000,0.000,1000.000,0.000,500.000,8500.000,0,0,1500,500.000,500.000,0.000,2500.000,500.000,150.000,500.000,500.000,500.000,0.000,500,0.000,200.000,2850.000,5
141,2014,1,04/02/1995,0.000,0,0,2012,3.000,13.575,1.000,4,5,5.000,0,0,,4,,0,0.000,2,0,2,1,6,7721.560,3000.000,10721.560,6000.000,1500.000,0.000,0.000,0.000,1000.000,0.000,1500.000,10000.000,0,0,1500,2000.000,0.000,0.000,3500.000,500.000,500.000,0.000,0.000,1000.000,0.000,600,1000.000,300.000,3900.000,4
142,2014,1,28/02/1992,0.000,0,1,2010,1.000,12.780,0.484,4,5,3.000,1,1,Lejanía entre la residencia y la universidad,3,,12,5.000,2,0,2,1,2,7000.000,0.000,7000.000,3000.000,4000.000,2000.000,0.000,0.000,1000.000,0.000,1000.000,11000.000,0,0,1500,2000.000,0.000,0.000,3500.000,1000.000,2000.000,0.000,0.000,500.000,0.000,1500,0.000,200.000,5200.000,5
143,2014,1,18/02/1993,0.000,1,0,2010,3.000,14.539,0.966,7,2,2.000,0,0,,2,,1,5.000,0,0,2,2,8,55635.460,2000.000,57635.460,15500.000,2000.000,8780.000,2000.000,3000.000,5650.000,2250.450,9950.000,49130.450,0,0,1500,4000.000,500.000,2400.000,8400.000,2800.000,500.000,500.000,0.000,1000.000,0.000,2000,1000.000,500.000,8300.000,5
144,2014,1,25/05/1995,0.000,0,0,2014,1.000,14.909,1.000,3,5,5.000,0,0,,5,,1,5.000,0,0,3,2,4,25000.000,8000.000,33000.000,10000.000,1000.000,2500.000,800.000,3000.000,800.000,0.000,4900.000,23000.000,0,0,1500,1000.000,0.000,0.000,2500.000,600.000,400.000,0.000,0.000,300.000,0.000,700,0.000,500.000,2500.000,4
145,2014,2,17/06/1993,0.000,0,0,2011,3.000,14.841,1.000,6,3,3.000,0,0,,2,,5,0.000,2,0,3,1,3,425140.000,0.000,425140.000,1500.000,500.000,700.000,0.000,1000.000,300.000,0.000,250.000,4250.000,0,0,1500,1000.000,0.000,0.000,2500.000,800.000,250.000,150.000,0.000,300.000,0.000,800,0.000,200.000,2500.000,5
146,2015,1,12/04/1993,0.000,0,1,2011,1.000,15.490,1.000,6,5,5.000,0,0,,4,,0,0.000,0,0,1,0,2,8773759.000,2000.000,8775759.000,5000.000,1000.000,0.000,500.000,2000.000,500.000,500.000,1000.000,10500.000,0,0,1500,4000.000,200.000,0.000,5700.000,900.000,500.000,500.000,500.000,1000.000,0.000,2000,500.000,200.000,6100.000,5
147,2014,2,29/10/1992,0.000,0,0,2010,3.000,12.630,0.920,7,2,2.000,0,0,,2,,12,0.000,4,0,3,5,3,9680.000,0.000,9680.000,4000.000,2000.000,3000.000,0.000,0.000,1000.000,0.000,2500.000,12500.000,0,0,1500,2000.000,0.000,0.000,3500.000,1500.000,1000.000,0.000,0.000,500.000,0.000,700,500.000,300.000,4500.000,5
148,2014,2,19/07/1993,0.000,0,1,2011,1.000,14.800,1.000,7,4,4.000,0,0,,4,,1,7.000,2,0,3,1,2,15060.000,0.000,15060.000,8000.000,800.000,1500.000,0.000,0.000,1000.000,0.000,3000.000,14300.000,0,0,1500,2000.000,0.000,0.000,3500.000,1000.000,500.000,0.000,0.000,500.000,0.000,1500,0.000,200.000,3700.000,4
149,2014,1,04/09/1992,0.000,0,0,2010,1.000,12.130,0.816,7,2,2.000,0,0,,2,,1,1.000,2,0,2,1,4,6200.000,1500.000,7700.000,36000.000,1000.000,800.000,1000.000,0.000,200.000,0.000,300.000,39300.000,0,0,1500,1000.000,0.000,0.000,2500.000,1000.000,1000.000,800.000,1000.000,800.000,0.000,1000,0.000,160.000,5760.000,5
150,2014,1,21/03/1993,0.000,0,0,2014,3.000,15.555,1.000,3,5,5.000,0,0,,5,,1,1.000,2,0,2,1,4,8000.000,0.000,8000.000,3000.000,500.000,1000.000,0.000,2500.000,500.000,0.000,500.000,8000.000,0,0,1500,1000.000,0.000,0.000,2500.000,300.000,400.000,0.000,0.000,800.000,0.000,800,0.000,200.000,2500.000,5
151,2014,2,07/12/1993,0.000,1,1,2011,3.000,15.180,1.000,5,4,4.000,0,0,,7,,17,0.000,7,0,1,1,2,15000.000,0.000,15000.000,8000.000,1000.000,2000.000,0.000,2000.000,1000.000,0.000,1000.000,15000.000,0,0,1500,3500.000,0.000,0.000,5000.000,1500.000,250.000,0.000,0.000,500.000,0.000,250,0.000,200.000,2700.000,4
152,2014,2,01/01/1993,0.000,0,0,2011,1.000,15.617,1.000,7,1,1.000,0,0,,2,,0,0.000,2,0,2,1,2,9600.000,0.000,9600.000,5000.000,500.000,1000.000,0.000,1800.000,100.000,0.000,1200.000,9600.000,0,0,1500,500.000,0.000,0.000,2000.000,400.000,150.000,0.000,0.000,600.000,0.000,300,400.000,150.000,2000.000,1
153,2014,2,04/02/1994,0.000,0,1,2011,3.000,16.461,1.000,7,5,5.000,0,0,,5,,18,0.000,5,0,1,2,5,10500.000,2000.000,12500.000,7000.000,600.000,1500.000,0.000,0.000,800.000,0.000,800.000,10700.000,0,0,1500,2000.000,500.000,0.000,4000.000,1000.000,300.000,0.000,0.000,500.000,0.000,1200,600.000,200.000,3800.000,5
154,2015,1,20/02/1994,0.000,1,1,2011,1.000,15.101,1.000,5,4,4.000,0,0,,7,,1,6.000,2,0,0,1,5,22600.000,0.000,22600.000,8000.000,2000.000,3500.000,1000.000,975.000,500.000,100.000,500.000,16575.000,0,0,1500,1300.000,0.000,0.000,2800.000,600.000,1000.000,0.000,0.000,200.000,0.000,1000,0.000,200.000,3000.000,4
155,2015,1,23/06/1994,0.000,0,0,2012,1.000,15.463,1.000,5,4,4.000,0,0,,3,,0,0.000,2,0,1,1,3,19400.000,0.000,19400.000,4400.000,500.000,2000.000,0.000,10000.000,1000.000,0.000,500.000,18400.000,0,0,1500,500.000,0.000,0.000,2000.000,500.000,150.000,0.000,0.000,150.000,0.000,1200,0.000,200.000,2200.000,5
156,2014,1,07/04/1994,0.000,0,0,2012,3.000,14.634,1.000,5,4,4.000,0,0,,3,,0,0.000,2,0,2,1,3,5247.000,5622.000,10869.000,7400.000,1000.000,1000.000,0.000,469.000,300.000,0.000,700.000,10869.000,0,0,1500,1000.000,0.000,0.000,2500.000,400.000,500.000,0.000,0.000,500.000,0.000,1600,0.000,200.000,3200.000,5
157,2014,1,09/05/1993,0.000,0,0,2010,1.000,12.000,0.980,7,2,2.000,0,0,,2,,1,1.000,5,0,1,5,4,5300.000,0.000,5300.000,3000.000,400.000,2000.000,0.000,0.000,600.000,500.000,1000.000,7500.000,0,0,1500,1000.000,0.000,0.000,2500.000,1000.000,400.000,0.000,0.000,800.000,0.000,800,500.000,200.000,3700.000,4
158,2014,2,14/12/1993,0.000,0,1,2012,3.000,16.582,1.000,6,5,5.000,0,0,,4,,1,5.000,2,0,1,1,1,8000.000,1000.000,9000.000,3500.000,1000.000,1200.000,1000.000,0.000,200.000,700.000,400.000,8000.000,0,0,1500,500.000,0.000,300.000,2300.000,450.000,200.000,200.000,0.000,500.000,0.000,600,300.000,50.000,2300.000,5
159,2014,1,17/11/1993,0.000,0,0,2012,1.000,15.730,1.000,5,4,4.000,0,0,,3,,0,0.000,0,0,2,1,2,5175.000,4000.000,9175.000,3800.000,1400.000,1000.000,0.000,600.000,700.000,0.000,400.000,7900.000,0,0,1500,1200.000,0.000,0.000,2700.000,1500.000,250.000,100.000,0.000,400.000,0.000,350,100.000,0.000,2700.000,4
160,2015,1,24/05/1994,0.000,0,1,2011,3.000,16.533,1.000,5,5,5.000,0,0,,6,,1,6.000,4,0,1,1,3,10000.000,0.000,10000.000,3000.000,3200.000,1400.000,720.000,0.000,300.000,400.000,300.000,9320.000,0,0,1500,2000.000,0.000,0.000,3500.000,850.000,1400.000,400.000,0.000,500.000,0.000,600,0.000,250.000,4000.000,5
161,2014,1,18/09/1995,0.000,0,1,2013,3.000,15.673,1.000,4,5,5.000,0,0,,5,,1,1.000,7,0,1,1,2,9443.000,4400.000,13843.000,4000.000,1000.000,5000.000,0.000,0.000,1000.000,600.000,1000.000,12600.000,0,0,1500,1000.000,1000.000,0.000,3500.000,2000.000,500.000,0.000,0.000,300.000,0.000,300,0.000,200.000,3300.000,4
162,2014,1,08/11/1995,0.000,0,0,2012,3.000,14.375,1.000,5,4,4.000,0,0,,3,,0,0.000,0,0,1,2,4,13143.000,0.000,13143.000,5000.000,1600.000,2000.000,0.000,0.000,1000.000,1800.000,3743.000,15143.000,0,0,1500,400.000,0.000,0.000,1900.000,1000.000,800.000,0.000,0.000,400.000,0.000,600,0.000,200.000,3000.000,4
163,2015,1,09/02/1994,0.000,0,1,2011,3.000,13.082,0.869,6,5,4.000,0,1,"Problemas familiares, Mala distribución del tiempo",5,,6,1.000,5,0,1,5,3,5622.000,2000.000,7622.000,7000.000,100.000,300.000,0.000,0.000,547.000,0.000,1000.000,8947.000,0,0,1500,0.000,2000.000,400.000,3900.000,800.000,72.000,0.000,700.000,500.000,0.000,1000,300.000,200.000,3572.000,5
164,2015,1,01/11/1995,0.000,0,1,2013,3.000,13.211,1.000,4,5,5.000,0,0,,6,,7,1.000,7,0,4,1,4,7381.000,0.000,7381.000,3000.000,0.000,2000.000,0.000,0.000,1000.000,0.000,4000.000,10000.000,0,0,1500,7000.000,0.000,0.000,8500.000,1000.000,150.000,0.000,0.000,500.000,5000.000,500,350.000,200.000,7700.000,5
165,2014,1,27/10/1995,0.000,0,0,2014,3.000,13.805,1.000,3,5,5.000,0,0,,5,,0,0.000,0,0,1,0,3,8400.000,5000.000,13400.000,4000.000,1000.000,4000.000,0.000,1300.000,700.000,800.000,1000.000,12800.000,0,0,1500,1000.000,500.000,0.000,3000.000,1000.000,500.000,0.000,0.000,500.000,0.000,2000,0.000,500.000,4500.000,5
166,2014,1,25/09/1994,0.000,0,1,2012,1.000,15.272,1.000,4,6,6.000,0,0,,6,,1,2.000,2,0,0,1,2,9828.000,0.000,9828.000,6000.000,1000.000,2000.000,1000.000,0.000,1200.000,0.000,900.000,12100.000,0,0,1500,1000.000,0.000,0.000,2500.000,0.000,400.000,0.000,800.000,1000.000,0.000,300,300.000,200.000,3000.000,5
167,2014,1,01/06/1994,0.000,0,0,2011,1.000,12.808,1.000,7,2,2.000,0,0,,2,,0,0.000,0,0,1,0,1,11200.000,0.000,11200.000,6000.000,500.000,4000.000,1500.000,0.000,1000.000,400.000,600.000,14000.000,0,0,1500,0.000,0.000,0.000,1500.000,800.000,300.000,150.000,0.000,800.000,0.000,600,0.000,200.000,2850.000,5
168,2015,1,20/05/1994,0.000,0,1,2012,3.000,15.923,1.000,4,5,5.000,0,0,,5,,1,6.000,0,0,1,2,3,5622.000,5100.000,10722.000,4500.000,500.000,4000.000,0.000,1030.000,292.000,400.000,0.000,10722.000,0,0,1500,4000.000,0.000,0.000,5500.000,0.000,2200.000,900.000,0.000,800.000,0.000,1600,0.000,0.000,5500.000,5
169,2014,1,14/12/1994,0.000,0,0,2013,1.000,10.904,0.808,2,3,1.000,1,1,"Problemas personales, Problemas familiares, Falta de tiempo para estudiar",3,,0,0.000,2,0,2,1,3,13700.000,0.000,13700.000,7000.000,1000.000,2000.000,0.000,1500.000,1000.000,0.000,200.000,12700.000,0,0,1500,1500.000,0.000,0.000,3000.000,300.000,300.000,1000.000,0.000,500.000,0.000,1000,0.000,170.000,3270.000,5
170,2014,1,09/01/1994,0.000,0,0,2011,1.000,13.489,0.914,5,3,2.000,0,1,"Problemas personales, Problemas con el/la docente",1,,0,0.000,0,0,1,1,3,10000.000,4000.000,14000.000,9000.000,2000.000,2000.000,0.000,0.000,2000.000,1000.000,1000.000,17000.000,0,0,1500,2000.000,0.000,0.000,3500.000,1400.000,600.000,0.000,0.000,500.000,0.000,900,300.000,300.000,4000.000,4
171,2014,1,03/08/1994,0.000,0,0,2011,1.000,13.460,1.000,7,2,2.000,0,0,,2,,0,0.000,0,0,1,1,4,13312.000,0.000,13312.000,8500.000,1200.000,1000.000,1000.000,0.000,600.000,400.000,2000.000,14700.000,0,0,1500,1000.000,0.000,0.000,2500.000,1000.000,600.000,200.000,400.000,300.000,0.000,100,100.000,100.000,2800.000,5
172,2014,1,21/09/1994,0.000,0,0,2011,1.000,11.763,0.826,3,3,3.000,0,0,,5,,0,0.000,5,0,2,5,5,14810.000,9000.000,23810.000,10600.000,1124.000,6700.000,0.000,200.000,1690.000,0.000,1431.000,21745.000,0,0,1500,500.000,500.000,800.000,3300.000,1000.000,544.000,900.000,0.000,500.000,0.000,2000,900.000,2160.000,8004.000,5
173,2015,1,15/08/1996,0.000,0,1,2013,1.000,12.700,0.556,3,5,1.000,0,4,"Problemas personales, Falta de tiempo para estudiar",4,,0,0.000,0,0,1,1,3,8866.270,0.000,8866.270,3000.000,1000.000,900.000,1000.000,1000.000,1000.000,500.000,370.000,8770.000,0,0,1500,400.000,0.000,0.000,1900.000,1000.000,400.000,0.000,300.000,400.000,0.000,400,0.000,300.000,2800.000,3
174,2015,1,21/10/1995,0.000,0,1,2014,1.000,13.458,0.889,2,4,4.000,0,0,,6,,0,0.000,0,0,2,1,4,13414.000,6000.000,19414.000,12000.000,2000.000,1500.000,0.000,1500.000,800.000,0.000,2500.000,20300.000,0,0,1500,2500.000,0.000,0.000,4000.000,1500.000,500.000,600.000,0.000,1000.000,0.000,1000,600.000,300.000,5500.000,4
175,2015,1,14/09/1995,0.000,0,0,2013,1.000,13.333,1.000,3,5,5.000,0,0,,4,,1,1.000,2,0,2,1,1,6800.000,3000.000,9800.000,4000.000,1300.000,1500.000,0.000,0.000,500.000,0.000,1000.000,8300.000,0,0,1500,2000.000,0.000,0.000,3500.000,1000.000,800.000,0.000,0.000,500.000,0.000,1000,1000.000,200.000,4500.000,5
176,2015,1,16/09/1996,0.000,0,1,2013,1.000,12.700,0.357,1,5,2.000,0,3,"Problemas vocacionales, Deficiente formación del bachillerato, Mala distribución del tiempo",3,,5,0.000,0,0,2,2,4,5909.300,2000.000,7909.300,3000.000,1000.000,2000.000,0.000,1000.000,500.000,0.000,500.000,8000.000,1,0,1500,1000.000,0.000,0.000,2500.000,2000.000,500.000,0.000,0.000,500.000,0.000,1500,0.000,200.000,4700.000,4
177,2014,1,11/10/1996,0.000,1,1,2014,3.000,16.600,1.000,2,5,5.000,0,0,,5,,17,1.000,6,0,4,2,2,12054.500,10000.000,22054.500,4500.000,300.000,2000.000,0.000,0.000,700.000,250.000,1800.000,9550.000,0,0,1500,4000.000,4000.000,0.000,9500.000,3000.000,400.000,2000.000,1200.000,1300.000,6500.000,2070,400.000,760.000,17630.000,5
178,2014,1,17/06/1996,0.000,0,0,2014,1.000,12.352,0.531,2,5,2.000,0,3,Elevada carga horaria,5,,1,2.000,0,0,1,0,1,13500.000,17879.000,31379.000,10000.000,800.000,700.000,0.000,0.000,1512.000,3500.000,1000.000,17512.000,0,0,1500,1000.000,0.000,0.000,2500.000,1000.000,80.000,0.000,0.000,420.000,0.000,1000,0.000,200.000,2700.000,3
179,2015,1,24/10/1996,0.000,1,1,2014,1.000,13.936,0.100,3,4,4.000,0,0,,4,,0,0.000,2,0,1,1,4,8138.000,0.000,8138.000,7000.000,1200.000,2190.000,1500.000,4000.000,300.000,200.000,1000.000,17390.000,0,0,1500,1200.000,500.000,0.000,3200.000,400.000,500.000,300.000,1200.000,1000.000,0.000,2000,450.000,250.000,6100.000,5
180,2014,1,03/03/1996,0.000,0,0,2014,1.000,15.027,0.869,3,5,4.000,0,1,Problemas de salud,5,,1,6.000,7,0,5,1,3,5600.000,2000.000,7600.000,5000.000,3000.000,1500.000,2500.000,0.000,2000.000,0.000,2000.000,16000.000,1,0,1500,500.000,300.000,0.000,2300.000,500.000,1000.000,1000.000,2500.000,1000.000,0.000,3000,1000.000,1000.000,11000.000,5
181,2014,1,03/03/1995,0.000,0,1,2012,3.000,15.000,1.000,4,5,5.000,0,0,,5,,6,0.000,7,0,6,2,5,19266.000,0.000,19266.000,8500.000,400.000,1000.000,0.000,0.000,1000.000,0.000,1500.000,12400.000,0,0,2000,6500.000,0.000,0.000,8500.000,1800.000,500.000,0.000,0.000,400.000,5000.000,600,0.000,200.000,8500.000,4
182,2015,1,20/03/1996,0.000,0,1,2014,3.000,14.750,1.000,3,4,4.000,0,0,,5,,0,0.000,0,0,0,2,4,13871.000,5622.000,19493.000,16000.000,1000.000,2000.000,0.000,0.000,1000.000,0.000,6000.000,26000.000,0,0,1500,2000.000,0.000,0.000,3500.000,1500.000,300.000,0.000,0.000,600.000,0.000,150,0.000,100.000,2650.000,5
183,2014,2,03/07/1995,0.000,0,1,2012,1.000,14.581,0.100,4,6,6.000,0,0,,6,,0,0.000,2,0,1,2,3,8100.000,0.000,8100.000,12000.000,500.000,2000.000,0.000,0.000,500.000,450.000,400.000,15850.000,0,0,1500,600.000,0.000,0.000,2100.000,1000.000,100.000,500.000,0.000,600.000,0.000,500,0.000,0.000,2700.000,5
184,2015,1,12/05/1995,0.000,0,0,2013,3.000,13.413,1.000,4,5,5.000,0,0,,4,,17,1.000,7,0,1,1,1,5650.000,0.000,5650.000,500.000,200.000,2000.000,0.000,0.000,1000.000,0.000,100.000,3800.000,0,0,1500,1500.000,0.000,0.000,3000.000,500.000,200.000,500.000,0.000,500.000,0.000,1000,0.000,80.000,2780.000,4
185,2014,1,19/11/1996,0.000,0,0,2014,1.000,14.117,1.000,2,5,5.000,0,0,,5,,0,0.000,4,0,1,5,4,15000.000,1200.000,16200.000,12000.000,1000.000,3000.000,0.000,2500.000,2000.000,2000.000,2100.000,24600.000,1,0,1500,1000.000,0.000,0.000,2500.000,1000.000,800.000,1000.000,0.000,1500.000,0.000,2000,200.000,200.000,6700.000,3
186,2014,1,30/03/1995,0.000,0,0,2012,3.000,14.597,1.000,5,4,4.000,0,0,,3,,0,0.000,0,0,2,1,3,6537.000,3400.000,9937.000,6000.000,1100.000,450.000,0.000,0.000,400.000,200.000,487.000,8637.000,0,0,1500,1300.000,0.000,0.000,2800.000,1600.000,300.000,100.000,0.000,350.000,0.000,350,100.000,0.000,2800.000,4
187,2014,1,29/08/1996,0.000,0,0,2014,3.000,15.000,1.000,3,5,5.000,0,0,,5,,1,7.000,2,1,2,1,1,0.000,3000.000,3000.000,2500.000,200.000,0.000,0.000,0.000,300.000,0.000,0.000,3000.000,0,0,1500,0.000,2000.000,0.000,3500.000,0.000,1320.000,0.000,0.000,300.000,0.000,300,0.000,250.000,2170.000,5
188,2015,2,02/08/1996,0.000,0,1,2014,3.000,11.400,0.385,2,5,3.000,0,2,"Problemas económicos, Problemas de salud",4,,10,2.000,6,0,4,1,3,7873.440,0.000,7873.440,2000.000,1000.000,2500.000,0.000,600.000,650.000,0.000,1000.000,7750.000,0,0,1500,3000.000,5000.000,0.000,9500.000,1000.000,500.000,1000.000,500.000,500.000,5000.000,1500,0.000,200.000,10200.000,3
189,2014,2,19/10/1994,0.000,0,1,2012,3.000,14.314,0.967,6,7,7.000,0,0,,4,,0,0.000,2,0,2,1,3,6126.000,0.000,6126.000,3000.000,1200.000,1000.000,0.000,0.000,500.000,0.000,400.000,6100.000,0,0,1500,1000.000,0.000,0.000,2500.000,500.000,600.000,0.000,0.000,500.000,0.000,500,200.000,200.000,2500.000,5
190,2014,2,07/01/1991,0.000,1,1,2012,1.000,16.449,1.000,5,4,4.000,0,0,,7,,1,5.000,0,0,0,1,4,14000.000,6000.000,20000.000,10000.000,3000.000,3000.000,0.000,500.000,2000.000,300.000,800.000,19600.000,0,0,1500,2000.000,200.000,0.000,3700.000,1500.000,2300.000,0.000,0.000,0.000,0.000,700,110.000,200.000,4810.000,5
